HDI Rank (2021),Countries,hdi ,Life expectancy at birth,Expected years of schooling,Mean years of schooling,Gross national income (GNI) per capita (2017 PPP $),GNI per capita rank minus HDI rank,HDI rank (2020),HDI Category,Education Index,alpha-3,region,sub-region,Lat,Lon,crime_index,LPP_index,healthcare_index
1,Switzerland,0.962,83.9872,16.50029945,13.85966015,66933.00454,5,3,1,0.9203303230555555,CHE,Europe,Western Europe,47,8,23.6,118.7,74.5
2,Norway,0.961,83.2339,18.18519974,13.00362968,64660.10622,6,1,1,0.938598759888889,NOR,Europe,Northern Europe,62,10,33.5,95.0,76.7
3,Iceland,0.959,82.6782,19.16305923,13.76716995,55782.04981,11,2,1,0.9912128658333333,ISL,Europe,Northern Europe,65,-18,24.9,90.1,67.0
5,Australia,0.951,84.5265,21.05459023,12.72681999,49238.43335,18,5,1,1.009077061611111,AUS,Oceania,Australia and New Zealand,-27,133,45.5,110.9,75.3
6,Denmark,0.948,81.3753,18.71479988,12.96049023,60364.78595,6,5,1,0.9518718932222222,DNK,Europe,Northern Europe,56,10,26.6,105.0,79.2
7,Sweden,0.947,82.9833,19.41852951,12.60972023,54489.37401,9,9,1,0.9597276051666667,SWE,Europe,Northern Europe,62,15,48.5,101.2,68.6
8,Ireland,0.945,81.9976,18.94522095,11.58222303,76168.98443,-3,8,1,0.9123302385000001,IRL,Europe,Northern Europe,53,-8,45.9,82.6,51.8
9,Germany,0.942,80.6301,17.01013947,14.09096691,54534.21682,6,7,1,0.9422027711666666,DEU,Europe,Western Europe,51,9,37.6,107.6,71.9
10,Netherlands,0.941,81.6873,18.69316522,12.58162975,55979.411,3,10,1,0.9386422477777778,NLD,Europe,Western Europe,52.5,5.75,27.3,107.8,77.1
11,Finland,0.94,82.0381,19.05192947,12.87362003,49452.16672,11,12,1,0.9583409307222223,FIN,Europe,Northern Europe,64,26,26.8,98.8,77.1
12,Singapore,0.939,82.7545,16.5243206,11.92488003,90918.64471,-10,10,1,0.8565049065555556,SGP,Asia,South-eastern Asia,1.3667,103.8,29.2,95.6,70.9
13,Belgium,0.937,81.8787,19.60421944,12.37567997,52293.39977,7,16,1,0.9570843167777778,BEL,Europe,Western Europe,50.8333,4,49.1,94.5,75.2
13,New Zealand,0.937,82.4513,20.28388977,12.94468975,44057.31394,16,13,1,0.9949310408333334,NZL,Oceania,Australia and New Zealand,-41,174,45.8,93.0,71.0
15,Canada,0.936,82.6565,16.39625931,13.83442722,46807.98619,9,15,1,0.9165992215000001,CAN,Americas,Northern America,60,-95,44.3,102.1,70.4
16,Liechtenstein,0.935,83.2575,15.18157005,12.53854,146829.7006,-15,14,1,0.8396616124999999,LIE,Europe,Western Europe,47.1667,9.5333,,,
17,Luxembourg,0.93,82.6287,14.39813995,13.01519217,84649.47467,-13,17,1,0.8337880709444444,LUX,Europe,Western Europe,49.75,6.1667,35.1,127.1,75.0
18,United Kingdom,0.929,80.7422,17.30971909,13.4061203,45224.76564,9,17,1,0.9276962069444444,GBR,Europe,Northern Europe,54,-2,46.9,98.9,74.1
19,Japan,0.925,84.7839,15.22162588,13.36610034,42274.29134,12,19,1,0.868359619111111,JPN,Asia,Eastern Asia,36,138,23.1,100.4,80.3
19,Korea (Republic of),0.925,83.6978,16.52173996,12.51293027,44500.93187,9,20,1,0.8760348967777778,KOR,Asia,Eastern Asia,37,127.5,25.5,85.5,83.0
21,United States,0.921,77.1982,16.28097916,13.68342972,64765.21509,-14,21,1,0.9083637451111111,USA,Americas,Northern America,38,-97,49.0,115.7,68.6
22,Israel,0.919,82.255,16.05088997,13.3448664,41523.74319,10,22,1,0.8906869347222223,ISR,Asia,Western Asia,31.5,34.75,32.6,80.5,73.5
23,Malta,0.918,83.7769,16.83856964,12.21026039,38884.45623,12,26,1,0.8747467252222222,MLT,Europe,Southern Europe,35.8333,14.5833,42.5,50.6,45.4
23,Slovenia,0.918,80.6904,17.65492058,12.80368042,39746.01987,10,23,1,0.9172038078888889,SVN,Europe,Southern Europe,46,15,24.2,61.7,65.3
25,Austria,0.916,81.5797,16.00795937,12.25669003,53618.67138,-8,23,1,0.8532218723888889,AUT,Europe,Western Europe,47.3333,13.3333,27.3,91.2,77.2
26,United Arab Emirates,0.911,78.7104,15.71769047,12.69402981,62573.59181,-15,25,1,0.8597368400555556,ARE,Asia,Western Asia,24,54,15.1,123.4,69.6
27,Spain,0.905,83.01,17.91690063,10.60540009,38353.60164,10,27,1,0.8512050205,ESP,Europe,Southern Europe,40,-4,35.7,82.5,77.9
28,France,0.903,82.4988,15.81206989,11.61005974,45937.05273,-2,28,1,0.8262261549444445,FRA,Europe,Western Europe,46,2,55.3,86.2,79.4
29,Cyprus,0.896,81.2033,15.64826965,12.44017029,38188.42152,9,29,1,0.8493464999444444,CYP,Asia,Western Asia,35,33,31.4,54.8,54.7
30,Italy,0.895,82.8502,16.22678947,10.7401104,42839.51441,0,32,1,0.8087478319444446,ITA,Europe,Southern Europe,42.8333,12.8333,46.9,66.5,66.3
31,Estonia,0.89,77.1436,15.92895985,13.54843044,38048.26372,8,30,1,0.8940854549444445,EST,Europe,Northern Europe,59,26,25.1,61.4,74.1
32,Czechia,0.889,77.7283,16.21968079,12.86931038,38745.21386,4,30,1,0.8795237012777778,CZE,Europe,Eastern Europe,49.75,15.5,26.6,71.8,75.5
33,Greece,0.887,80.1106,20.02878952,11.40853024,29002.48545,17,33,1,0.9366396057777778,GRC,Europe,Southern Europe,39,22,47.0,41.9,57.5
34,Poland,0.876,76.4572,16.0271492,13.1647501,33033.96081,8,36,1,0.8840235922222222,POL,Europe,Eastern Europe,52,20,29.2,64.0,57.6
35,Bahrain,0.875,78.7605,16.29755974,11.04658985,39497.24788,-1,35,1,0.8209296544444444,BHR,Asia,Western Asia,26,50.55,24.0,81.7,
35,Lithuania,0.875,73.7201,16.28506088,13.49810028,37931.30359,5,34,1,0.9022994782222222,LTU,Europe,Northern Europe,56,24,33.0,56.7,73.2
35,Saudi Arabia,0.875,76.936,16.13549042,11.31052971,46111.55135,-10,38,1,0.8252257242222223,SAU,Asia,Western Asia,25,45,24.6,101.9,61.2
38,Portugal,0.866,81.0443,16.87122917,9.575940132,33154.53343,3,39,1,0.7878432591222222,PRT,Europe,Southern Europe,39.5,-8,31.5,51.7,71.5
39,Latvia,0.863,73.5786,16.20252991,13.25271988,32803.23423,4,37,1,0.8918276046111111,LVA,Europe,Northern Europe,57,25,37.7,52.9,62.4
40,Andorra,0.858,80.3684,13.30023874,10.55511952,51166.62661,-19,45,1,0.7212883934444445,AND,Europe,Southern Europe,42.5,1.6,,,
40,Croatia,0.858,77.5804,15.11209965,12.19108434,30132.28814,8,41,1,0.8261500238333332,HRV,Europe,Southern Europe,45.1667,15.5,24.6,56.2,63.9
42,Chile,0.855,78.9435,16.73130035,10.9349663,24563.24486,14,43,1,0.8292572197222222,CHL,Americas,Latin America and the Caribbean,-30,-71,58.1,37.3,64.4
42,Qatar,0.855,79.2716,12.63722038,9.99601145,87134.13469,-39,42,1,0.6842342811111111,QAT,Asia,Western Asia,25.5,51.25,14.8,123.6,73.8
44,San Marino,0.853,80.8786,12.26613998,10.80146027,52653.82534,-25,46,1,0.7007747862222222,SMR,Europe,Southern Europe,43.7667,12.4167,,,
45,Slovakia,0.848,74.9101,14.51303959,12.91141987,30690.48552,1,40,1,0.8335206509444444,SVK,Europe,Eastern Europe,48.6667,19.5,31.4,56.3,60.1
46,Hungary,0.846,74.5301,15.0336281,12.24958992,32789.01063,-2,44,1,0.8259204445555556,HUN,Europe,Eastern Europe,47,20,33.9,53.1,54.4
47,Argentina,0.842,75.3899,17.8748703,11.14726927,20925.26814,17,47,1,0.8680998173333334,ARG,Americas,Latin America and the Caribbean,-34,-64,64.3,36.8,68.9
49,Montenegro,0.832,76.3426,15.08160973,12.17648306,20838.80129,16,52,1,0.8248163722777777,MNE,Europe,Southern Europe,42,19,39.8,40.4,
50,Kuwait,0.831,78.6729,15.32443332,7.328022618,52919.76137,-32,54,1,0.6699461239333333,KWT,Asia,Western Asia,29.3375,47.6581,32.6,96.7,59.7
51,Brunei Darussalam,0.829,74.6424,13.95178032,9.18,64489.53954,-42,49,1,0.6935494533333333,BRN,Asia,South-eastern Asia,4.5,114.6667,29.0,60.7,
52,Russian Federation,0.822,69.419,15.76636982,12.77428805,27166.30891,-1,49,1,0.8637643188888888,RUS,Europe,Eastern Europe,60,100,39.3,40.9,59.7
53,Romania,0.821,74.1847,14.22990036,11.27511978,30027.29131,-4,53,1,0.7711123360000001,ROU,Europe,Eastern Europe,46,25,32.0,52.5,56.5
54,Oman,0.816,72.5406,14.57349014,11.65404034,27054.32505,-2,51,1,0.7932871818888889,OMN,Asia,Western Asia,21,57,19.7,108.2,58.2
55,Bahamas,0.812,71.5983,12.89945,12.64192386,30486.18429,-8,58,1,0.7797155175555556,BHS,Americas,Latin America and the Caribbean,24.25,-76,62.4,43.2,
56,Kazakhstan,0.811,69.3622,15.76500034,12.34756189,23942.81837,1,59,1,0.8495020724444444,KAZ,Asia,Central Asia,48,68,52.7,38.1,59.9
57,Trinidad and Tobago,0.81,72.9709,14.53545292,11.61062419,23392.02084,1,56,1,0.7907833874444444,TTO,Americas,Latin America and the Caribbean,11,-61,70.6,38.9,53.4
58,Costa Rica,0.809,77.0232,16.54577065,8.804059982,19974.27358,8,57,1,0.7530734063444444,CRI,Americas,Latin America and the Caribbean,10,-84,53.8,41.5,63.1
58,Uruguay,0.809,75.4356,16.83259964,8.982549667,21268.88122,5,55,1,0.7669905344555557,URY,Americas,Latin America and the Caribbean,-33,-56,52.7,38.4,68.4
60,Belarus,0.808,72.438,15.16996956,12.14358044,18848.96704,8,60,1,0.826174058,BLR,Europe,Eastern Europe,53,28,56.4,36.4,47.1
61,Panama,0.805,76.2233,13.05787868,10.54059029,26956.83707,-8,67,1,0.7140718618888889,PAN,Americas,Latin America and the Caribbean,9,-80,43.7,36.4,61.0
62,Malaysia,0.803,74.8839,13.34304047,10.64505959,26657.94355,-8,61,1,0.7254753327222223,MYS,Asia,South-eastern Asia,2.5,112.5,52.9,65.7,70.0
63,Georgia,0.802,71.694,15.56851959,12.82221985,14664.16825,17,64,1,0.8598662058333333,GEO,Asia,Western Asia,42,43.5,25.9,25.9,54.8
63,Mauritius,0.802,73.5552,15.17352977,10.42791048,22025.34631,-1,62,1,0.7690839540555555,MUS,Africa,Sub-Saharan Africa,-20.2833,57.55,48.1,30.8,
63,Serbia,0.802,74.1923,14.40009022,11.36987019,19123.02747,4,62,1,0.7789981791111111,SRB,Europe,Southern Europe,44,21,38.2,39.6,52.2
66,Thailand,0.8,78.7154,15.88221913,8.697119713,17030.15352,6,64,1,0.7310767440444443,THA,Asia,South-eastern Asia,15,100,38.7,33.2,77.9
67,Albania,0.796,76.4626,14.44799995,11.28645502,14131.11039,17,68,2,0.7775484992777777,ALB,Europe,Southern Europe,41,20,45.7,30.1,49.6
68,Bulgaria,0.795,71.798,13.89729023,11.41318035,23078.95595,-8,64,2,0.7664751847222222,BGR,Europe,Eastern Europe,43,25,38.0,51.2,56.7
68,Grenada,0.795,74.9362,18.66202035,9.032104,13483.5774,18,70,2,0.8194595874999999,GRD,Americas,Latin America and the Caribbean,12.1167,-61.6667,,,
70,Barbados,0.79,77.5714,15.71338458,9.852700596,12306.341,26,71,2,0.7649062581999999,BRB,Americas,Latin America and the Caribbean,13.1667,-59.5333,47.9,36.8,
71,Antigua and Barbuda,0.788,78.4968,14.18462641,9.293740746,16792.36595,2,71,2,0.7038087584777777,ATG,Americas,Latin America and the Caribbean,17.05,-61.8,,,
72,Seychelles,0.785,71.2945,13.94161034,10.28312,25830.61775,-17,69,2,0.7300376205555555,SYC,Africa,Sub-Saharan Africa,-4.5833,55.6667,,,
73,Sri Lanka,0.782,76.3991,14.13990486,10.82730007,12578.22055,21,75,2,0.7536851373333333,LKA,Asia,Southern Asia,7,81,41.4,16.0,72.0
74,Bosnia and Herzegovina,0.78,75.3003,13.8,10.53631973,15241.91465,4,73,2,0.734543991,BIH,Europe,Southern Europe,44,18,42.9,48.6,54.9
75,Saint Kitts and Nevis,0.777,71.6822,15.42769157,8.662745,23358.33212,-16,76,2,0.7173051547222222,KNA,Americas,Latin America and the Caribbean,17.3333,-62.75,,,
76,Iran (Islamic Republic of),0.774,73.8749,14.61524963,10.63645314,13000.7117,15,77,2,0.760527594388889,IRN,Asia,Southern Asia,32,53,49.9,21.1,52.3
77,Ukraine,0.773,71.624,14.95656854,11.13142043,13255.50977,11,78,2,0.7865075848888889,UKR,Europe,Eastern Europe,49,32,46.7,38.1,55.2
78,North Macedonia,0.77,73.8415,13.62443234,10.22815037,15917.75283,-3,79,2,0.7193947995555555,MKD,Europe,Southern Europe,41.8333,22,40.9,38.2,55.3
79,China,0.768,78.2107,14.2361149,7.600118446,17504.39969,-8,82,2,0.6487849176444445,CHN,Asia,Eastern Asia,35,105,26.3,62.3,67.5
80,Dominican Republic,0.767,72.6146,14.46655802,9.306864107,17989.60037,-11,82,2,0.7120776374555556,DOM,Americas,Latin America and the Caribbean,19,-70.6667,61.2,23.0,55.5
80,Palau,0.767,66.0204,15.78432,12.49143,13818.67869,5,80,2,0.8548343333333333,PLW,Oceania,Micronesia,7.5,134.5,,,
83,Cuba,0.764,73.6829,14.44305992,12.49773438,7878.847482,37,73,2,0.8177872548888889,CUB,Americas,Latin America and the Caribbean,21.5,-80,31.6,1.6,
84,Peru,0.762,72.3769,15.38773354,9.885518863,12245.89366,13,85,2,0.756954338211111,PER,Americas,Latin America and the Caribbean,-10,-76,67.6,31.3,55.9
85,Armenia,0.759,72.0431,13.11676025,11.33030033,13157.9939,4,87,2,0.7420311290555556,ARM,Asia,Western Asia,40,45,22.0,25.5,
86,Mexico,0.758,70.2127,14.86443996,9.221050262,17896.29498,-16,88,2,0.7202694520666667,MEX,Americas,Latin America and the Caribbean,23,-102,54.4,43.5,72.5
87,Brazil,0.754,72.7504,15.59906006,8.128813955,14369.88848,-5,86,2,0.7042676890555555,BRA,Americas,Latin America and the Caribbean,-10,-55,66.6,28.7,58.2
88,Colombia,0.752,72.8296,14.44274998,8.862859726,14384.35666,-7,88,2,0.6966161569777778,COL,Americas,Latin America and the Caribbean,4,-72,60.2,31.1,67.9
89,Saint Vincent and the Grenadines,0.751,69.6291,14.67220567,10.83343029,11961.08792,11,82,2,0.7686756116111111,VCT,Americas,Latin America and the Caribbean,13.25,-61.2,,,
90,Maldives,0.747,79.9182,12.63560963,7.322,15448.12788,-14,97,2,0.5950558230555556,MDV,Asia,Southern Asia,3.25,73,54.5,33.9,
91,Algeria,0.745,76.3767,14.62689602,8.069284397,10800.22546,13,96,2,0.675278813788889,DZA,Africa,Northern Africa,28,3,52.6,26.9,53.6
91,Azerbaijan,0.745,69.3658,13.49689007,10.5429697,14256.74456,-8,100,2,0.7263459363888889,AZE,Asia,Western Asia,40.5,47.5,31.8,32.0,46.8
91,Tonga,0.745,70.9857,16.04857063,11.392594,6822.03125,34,90,2,0.8255467619444445,TON,Oceania,Polynesia,-20,-175,,,
91,Turkmenistan,0.745,69.2644,13.21039963,11.26139,13020.7155,-1,93,2,0.7423352119444444,TKM,Asia,Central Asia,40,60,,,
95,Ecuador,0.74,73.67,14.62423038,8.817119598,10311.63273,11,99,2,0.7001326082666667,ECU,Americas,Latin America and the Caribbean,-2,-77.5,59.4,37.0,69.5
96,Mongolia,0.739,70.9754,14.98034954,9.423700333,10588.22532,9,90,2,0.7302441649888889,MNG,Asia,Eastern Asia,46,105,53.9,24.3,
97,Egypt,0.731,70.2207,13.78649972,9.573026174,11731.69056,4,97,2,0.7020591980222222,EGY,Africa,Northern Africa,27,30,47.2,21.9,47.6
97,Tunisia,0.731,73.7719,15.42538224,7.431598614,10257.54477,10,94,2,0.6762027937999999,TUN,Africa,Northern Africa,34,9,44.6,30.0,57.1
99,Fiji,0.73,67.114,14.73679,10.92154799,9980.110866,9,94,2,0.7734068774444445,FJI,Oceania,Melanesia,-18,175,57.0,65.5,
99,Suriname,0.73,70.2743,13.03564357,9.77680063,12672.20033,-6,92,2,0.6879945646111111,SUR,Americas,Latin America and the Caribbean,4,-56,,,
101,Uzbekistan,0.727,70.8616,12.47714043,11.89558983,7916.785725,18,107,2,0.7431068951666667,UZB,Asia,Central Asia,41,64,33.5,24.8,
102,Dominica,0.72,72.814,13.3191862,8.142186,11487.62422,0,106,2,0.6413835944444445,DMA,Americas,Latin America and the Caribbean,15.4167,-61.3333,,,
102,Jordan,0.72,74.2563,10.64655972,10.44668007,9923.714974,8,104,2,0.643960439,JOR,Asia,Western Asia,31,36,41.0,38.0,64.9
104,Libya,0.718,71.9112,12.85428,7.599985,15335.712,-27,117,2,0.6103961666666666,LBY,Africa,Northern Africa,25,17,60.2,32.1,
105,Paraguay,0.717,70.2617,12.98799113,8.861840248,12349.286,-10,100,2,0.6561722063222222,PRY,Americas,Latin America and the Caribbean,-23,-58,50.8,27.8,
"106,""Palestine, State of"",0.715,73.4727,13.35801029,9.938480377,6582.899416,21,109,2,0.7023385206222221,PSE,Asia,Western Asia,32,35.25,41.0,39.8,"
106,Saint Lucia,0.715,71.1114,12.86610985,8.545040131,12048.30381,-7,104,2,0.6422266113111111,LCA,Americas,Latin America and the Caribbean,13.8833,-61.1333,,,
108,Guyana,0.714,65.6734,12.50272216,8.617477,22464.65734,-47,107,2,0.6345470711111111,GUY,Americas,Latin America and the Caribbean,5,-59,69.0,23.3,
109,South Africa,0.713,62.341,13.64371014,11.37316036,12948.37325,-17,102,2,0.7580972936666667,ZAF,Africa,Sub-Saharan Africa,-29,24,75.4,83.9,63.7
110,Jamaica,0.709,70.5003,13.40492042,9.154628661,8834.47567,4,110,2,0.6775131892555555,JAM,Americas,Latin America and the Caribbean,18.25,-77.5,67.8,28.9,
111,Samoa,0.707,72.7675,12.41885948,11.4038,5307.953374,24,112,2,0.7250949855555555,WSM,Oceania,Polynesia,-13.5833,-172.3333,,,
112,Gabon,0.706,65.821,12.97731,9.436,13366.93455,-25,113,2,0.6750141666666667,GAB,Africa,Sub-Saharan Africa,-1,11.75,,,
112,Lebanon,0.706,75.0472,11.28587,8.718636,9525.831467,-1,103,2,0.6041175888888889,LBN,Asia,Western Asia,33.8333,35.8333,46.2,22.7,63.2
114,Indonesia,0.705,67.5703,13.74889386,8.556509972,11466.06836,-11,116,2,0.6671307174000001,IDN,Asia,South-eastern Asia,-5,120,45.9,27.5,60.5
115,Viet Nam,0.703,73.6181,12.9519325,8.370280266,7867.371345,6,113,2,0.6387852449777778,VNM,Asia,South-eastern Asia,16,106,44.5,31.5,59.3
116,Philippines,0.699,69.2664,13.12656975,8.969099998,8920.428468,-3,113,3,0.6635969374333333,PHL,Asia,South-eastern Asia,13,122,42.7,22.4,67.8
117,Botswana,0.693,61.1409,12.26513765,10.34,16198.31841,-43,110,3,0.6853649347222222,BWA,Africa,Sub-Saharan Africa,-22,24,53.7,63.6,
118,Bolivia (Plurinational State of),0.692,63.6304,14.94697094,9.827750206,8111.190194,0,119,3,0.7427853107555555,BOL,Americas,Latin America and the Caribbean,-17,-65,60.8,37.4,
118,Kyrgyzstan,0.692,69.9774,13.1953001,11.37410556,4566.303831,26,121,3,0.745672965888889,KGZ,Asia,Central Asia,41,75,54.6,25.5,
120,Venezuela (Bolivarian Republic of),0.691,70.5536,12.81608,11.10727736,4810.882621,20,118,3,0.7262448008888889,VEN,Americas,Latin America and the Caribbean,8,-66,82.6,12.4,39.3
121,Iraq,0.686,70.3779,12.08747317,7.905593489,9977.249073,-12,122,3,0.5992829265777778,IRQ,Asia,Western Asia,33,44,46.1,44.5,43.5
122,Tajikistan,0.685,71.5942,11.65303618,11.3333938,4547.742427,23,126,3,0.7014752427777777,TJK,Asia,Central Asia,39,71,,,
123,Belize,0.683,70.4697,12.99168968,8.847599983,6309.099778,6,120,3,0.6558002683222223,BLZ,Americas,Latin America and the Caribbean,17.25,-88.75,53.1,49.2,
123,Morocco,0.683,74.0419,14.15190983,5.916,7302.81917,1,122,3,0.5903086063888889,MAR,Africa,Northern Africa,32,-5,46.8,33.6,45.8
125,El Salvador,0.675,70.7479,12.67134767,7.150929928,8295.665889,-8,124,3,0.5903462106555556,SLV,Americas,Latin America and the Caribbean,13.8333,-88.9167,64.4,22.7,
126,Nicaragua,0.667,73.8368,12.64135783,7.144,5624.793595,6,129,3,0.5892821619444445,NIC,Americas,Latin America and the Caribbean,13,-85,48.8,21.7,
127,Bhutan,0.666,71.815,13.22500478,5.170262283,9437.541512,-15,125,3,0.5397033199888889,BTN,Asia,Southern Asia,27.5,90.5,,,
128,Cabo Verde,0.662,74.0518,12.55461444,6.287719287,6230.200199,2,127,3,0.5583299329,CPV,Africa,Sub-Saharan Africa,16,-24,,,
129,Bangladesh,0.661,72.3811,12.44198036,7.379059792,5472.104781,4,128,3,0.591579225288889,BGD,Asia,Southern Asia,24,90,62.6,26.9,42.3
130,Tuvalu,0.641,64.5466,9.40443,10.57310772,6351.435899,-2,131,3,0.6136710906666667,TUV,Oceania,Polynesia,-8,178,,,
131,Marshall Islands,0.639,65.2688,10.2393198,10.88313961,4619.535393,12,131,3,0.6471968703333334,MHL,Oceania,Micronesia,9,168,,,
132,India,0.633,67.2398,11.87462044,6.655109195,6589.980037,-6,130,3,0.5516875409444444,IND,Asia,Southern Asia,20,77,44.6,64.6,65.1
133,Ghana,0.632,63.7954,12.04778004,8.329886695,5744.504017,-2,135,3,0.6123234465,GHA,Africa,Sub-Saharan Africa,8,-2,44.5,17.2,
134,Micronesia (Federated States of),0.628,70.71,11.54947988,7.804956,3696.173945,22,136,3,0.5809840855555555,FSM,Oceania,Micronesia,6.9167,158.25,,,
135,Guatemala,0.627,69.2368,10.56245041,5.681300163,8723.285317,-20,133,3,0.4827780723777778,GTM,Americas,Latin America and the Caribbean,15.5,-90.25,59.7,29.7,67.5
136,Kiribati,0.624,67.4172,11.801993,7.984461822,4062.586034,14,137,3,0.5939818662888889,KIR,Oceania,Micronesia,1.4167,173,,,
137,Honduras,0.621,70.1229,10.13281417,7.088479996,5297.955301,-1,138,3,0.5177497268111111,HND,Americas,Latin America and the Caribbean,15,-86.5,74.2,35.4,
138,Sao Tome and Principe,0.618,67.5912,13.36538506,6.215599435,4021.350815,13,139,3,0.5784473439444444,STP,Africa,Sub-Saharan Africa,1,7,,,
139,Namibia,0.615,59.269,11.92720692,7.192013277,8633.504452,-23,134,3,0.5710450792333333,NAM,Africa,Sub-Saharan Africa,-22,17,64.8,51.3,
140,Lao People's Democratic Republic,0.607,68.0608,10.13611031,5.374,7699.579617,-18,142,3,0.4606919530555555,LAO,Asia,South-eastern Asia,18,105,,,
140,Timor-Leste,0.607,67.7369,12.616098,5.43679,4460.869435,7,140,3,0.5316735,TLS,Asia,South-eastern Asia,-8.55,125.5167,,,
140,Vanuatu,0.607,70.449,11.53531503,7.064846,3085.411633,23,142,3,0.5559202841666666,VUT,Oceania,Melanesia,-16,167,,,
143,Nepal,0.602,68.4495,12.88694954,5.121792742,3877.315444,10,144,3,0.528697245288889,NPL,Asia,Southern Asia,28,84,37.6,21.8,57.0
145,Equatorial Guinea,0.596,60.5943,9.73494,5.910863,12073.95993,-47,147,3,0.46744376666666665,GNQ,Africa,Sub-Saharan Africa,2,10,,,
146,Cambodia,0.593,69.5835,11.46772,5.088,4078.697154,3,148,3,0.48814777777777774,KHM,Asia,South-eastern Asia,13,105,52.9,15.5,
146,Zimbabwe,0.593,59.2531,12.11096904,8.710908501,3809.887158,9,145,3,0.6267794233666667,ZWE,Africa,Sub-Saharan Africa,-20,30,60.5,18.7,
148,Angola,0.586,61.6434,12.1721,5.417390823,5465.617791,-14,149,3,0.5186935829888889,AGO,Africa,Sub-Saharan Africa,-12.5,18.5,65.4,,
149,Myanmar,0.585,65.6716,10.90913752,6.37680006,3850.524234,5,145,3,0.5155915997777778,MMR,Asia,South-eastern Asia,22,98,48.2,29.7,
150,Syrian Arab Republic,0.577,72.0627,9.164219856,5.1,4191.933893,-2,152,3,0.4245616626666667,SYR,Asia,Western Asia,35,38,68.8,5.5,
151,Cameroon,0.576,60.3334,13.10859922,6.15131,3620.932408,6,150,3,0.5691714227777778,CMR,Africa,Sub-Saharan Africa,6,12,64.8,18.4,
152,Kenya,0.575,61.427,10.69855835,6.652,4473.570344,-6,150,3,0.5189155097222222,KEN,Africa,Sub-Saharan Africa,1,38,57.0,32.8,61.8
153,Congo,0.571,63.5187,12.33081527,6.166,2889.283521,11,153,3,0.5480559797222222,COG,Africa,Sub-Saharan Africa,-1,15,,,
154,Zambia,0.565,61.2234,10.92876021,7.187091494,3217.767739,7,154,3,0.5431463889666667,ZMB,Africa,Sub-Saharan Africa,-15,30,48.8,,
155,Solomon Islands,0.564,70.3477,10.32869027,5.711848,2481.511362,13,155,3,0.47730299638888884,SLB,Oceania,Melanesia,-8,159,,,
156,Comoros,0.558,63.4174,11.92432393,5.078649,3142.064119,6,156,3,0.5005195202777778,COM,Africa,Sub-Saharan Africa,-12.1667,44.25,,,
156,Papua New Guinea,0.558,65.3506,10.36077074,4.74,4008.623573,-4,157,3,0.4457991872222222,PNG,Oceania,Melanesia,-6,147,79.9,,
158,Mauritania,0.556,64.3636,9.376159668,4.918804891,5075.305711,-20,158,3,0.42440904269999996,MRT,Africa,Sub-Saharan Africa,20,-12,,,
159,Côte d'Ivoire,0.55,58.5983,10.67558002,5.199138977,5217.448516,-22,159,3,0.46984852201111105,CIV,Africa,Sub-Saharan Africa,8,-5,,,
161,Pakistan,0.544,66.0979,8.658349991,4.536330223,4623.70543,-19,161,4,0.3917207294055556,PAK,Asia,Southern Asia,30,70,42.3,24.4,59.5
162,Togo,0.539,61.6194,12.95049378,5.016807367,2166.619062,12,163,4,0.5269628505666667,TGO,Africa,Sub-Saharan Africa,8,1.1667,,,
163,Haiti,0.535,63.1924,9.7,5.554,2847.500746,2,162,4,0.45457777777777775,HTI,Americas,Latin America and the Caribbean,19,-72.4167,,,
163,Nigeria,0.535,52.676,10.12758388,7.181074153,4790.284425,-22,163,4,0.5206909128777778,NGA,Africa,Sub-Saharan Africa,10,8,65.5,8.4,48.5
165,Rwanda,0.534,66.0722,11.23097038,4.425292358,2209.795202,6,165,4,0.4594811447111111,RWA,Africa,Sub-Saharan Africa,-2,30,27.6,30.0,
166,Benin,0.525,59.821,10.76667976,4.304786445,3408.965923,-7,166,4,0.4425673192777778,BEN,Africa,Sub-Saharan Africa,9.5,2.25,,,
166,Uganda,0.525,62.7048,10.14986994,5.730941566,2181.43651,6,166,4,0.47297221720000004,UGA,Africa,Sub-Saharan Africa,1,32,54.9,12.5,
168,Lesotho,0.514,53.062,12.04087801,6.010184707,2700.435748,-2,168,4,0.5348083238444444,LSO,Africa,Sub-Saharan Africa,-29.5,28.5,,,
169,Malawi,0.512,62.9044,12.67898523,4.489695385,1465.635064,13,169,4,0.501850547,MWI,Africa,Sub-Saharan Africa,-13.5,34,,,
170,Senegal,0.511,67.0926,8.963749886,2.937938258,3344.311825,-10,170,4,0.3469243276555556,SEN,Africa,Sub-Saharan Africa,14,-14,,,
171,Djibouti,0.509,62.3049,7.43298,4.1,5024.993944,-32,171,4,0.3431383333333333,DJI,Africa,Sub-Saharan Africa,11.5,43,,,
172,Sudan,0.508,65.2667,7.945187858,3.82,3575.19084,-14,171,4,0.34803299605555554,SDN,Africa,Northern Africa,15,30,46.5,,
173,Madagascar,0.501,64.4853,10.13499142,5.120468534,1483.520983,8,173,4,0.4522098239111111,MDG,Africa,Sub-Saharan Africa,-20,47,,,
174,Gambia,0.5,62.083,9.418626299,4.637487411,2172.207664,-1,173,4,0.4162114220055556,GMB,Africa,Sub-Saharan Africa,13.4667,-16.5667,,,
175,Ethiopia,0.498,64.9748,9.651071421,3.201520681,2361.069604,-5,175,4,0.3748026732833333,ETH,Africa,Sub-Saharan Africa,8,38,50.9,11.6,
176,Eritrea,0.492,66.5358,8.064524628,4.8872352,1728.742667,3,176,4,0.38692241299999997,ERI,Africa,Sub-Saharan Africa,15,39,,,
177,Guinea-Bissau,0.483,59.6523,10.61306278,3.583719,1908.24159,0,177,4,0.41426459944444444,GNB,Africa,Sub-Saharan Africa,12,-15,,,
178,Liberia,0.481,60.7472,10.42078972,5.082,1288.74235,7,179,4,0.4588663811111111,LBR,Africa,Sub-Saharan Africa,6.5,-9.5,,,
180,Afghanistan,0.478,61.9824,10.26384398,2.98506999,1824.190915,-2,177,4,0.3846091102222222,AFG,Asia,Southern Asia,33,65,78.6,,
181,Sierra Leone,0.477,60.0624,9.57339109,4.576081285,1621.512579,-1,181,4,0.4184635731111111,SLE,Africa,Sub-Saharan Africa,8.5,-11.5,,,
182,Guinea,0.465,58.8922,9.805297465,2.202125952,2480.887182,-13,182,4,0.3457735724277778,GIN,Africa,Sub-Saharan Africa,11,-10,,,
183,Yemen,0.455,63.7534,9.09871006,3.2,1314.270189,1,183,4,0.3594086127777778,YEM,Asia,Western Asia,15,48,,,
184,Burkina Faso,0.449,59.2696,9.142100334,2.114962259,2117.915916,-8,185,4,0.32444597346666665,BFA,Africa,Sub-Saharan Africa,13,-2,,,
185,Mozambique,0.446,59.3247,10.2191516,3.197641838,1198.073924,2,184,4,0.3904533834888889,MOZ,Africa,Sub-Saharan Africa,-18.25,35,63.4,,
186,Mali,0.428,58.9414,7.423037617,2.31,2132.629443,-11,186,4,0.2831954893611111,MLI,Africa,Sub-Saharan Africa,17,-4,,,
187,Burundi,0.426,61.6627,10.72272189,3.129266883,731.7867086,4,187,4,0.40216228193333337,BDI,Africa,Sub-Saharan Africa,-3.5,30,,,
188,Central African Republic,0.404,53.8947,8.040171714,4.334,966.0586107,1,188,4,0.3678047698333333,CAF,Africa,Sub-Saharan Africa,7,21,,,
189,Niger,0.4,61.5763,6.957111988,2.116717299,1239.866936,-3,189,4,0.26381035407777775,NER,Africa,Sub-Saharan Africa,16,8,,,
190,Chad,0.394,52.5254,8.035914334,2.57377421,1364.169417,-7,190,4,0.30901231627777775,TCD,Africa,Sub-Saharan Africa,15,19,,,
191,South Sudan,0.385,54.9752,5.54251,5.726140022,767.787,-1,191,4,0.34482994517777776,SSD,Africa,Sub-Saharan Africa,8,30,,,
